original_corrupted_path,new_sanitized_path
"D:\breast_cancer_project_root\data\01_raw\NANOMEDICINE\http\sanitized_ecfff25efe3e.fi,",D:\breast_cancer_project_root\data\01_raw\NANOMEDICINE\http\sanitized_dir_db22f0441f84
"D:\breast_cancer_project_root\data\01_raw\NEW\http\sanitized_ecfff25efe3e.fi,",D:\breast_cancer_project_root\data\01_raw\NEW\http\sanitized_dir_db22f0441f84
"D:\breast_cancer_project_root\data\01_raw\NEW\https\cbioportal-datahub.s3.amazonaws.com\sanitized_784b8927f173.gz,clinical",D:\breast_cancer_project_root\data\01_raw\NEW\https\cbioportal-datahub.s3.amazonaws.com\sanitized_dir_36b7ec81687c
"D:\breast_cancer_project_root\data\01_raw\NEW\https\cbioportal-datahub.s3.amazonaws.com\sanitized_e425b750397c.gz,clinical",D:\breast_cancer_project_root\data\01_raw\NEW\https\cbioportal-datahub.s3.amazonaws.com\sanitized_dir_b839af1be9d6
"D:\breast_cancer_project_root\data\01_raw\RECURSIVE\ftp\ftp.ncbi.nlm.nih.gov\geo\series\GSE285nnn\GSE285028\matrix\sanitized_37a54e782903.gz,19,MIRROR_SKIP,data",D:\breast_cancer_project_root\data\01_raw\RECURSIVE\ftp\ftp.ncbi.nlm.nih.gov\geo\series\GSE285nnn\GSE285028\matrix\sanitized_dir_df9cac452fc7
"D:\breast_cancer_project_root\data\01_raw\RECURSIVE\ftp\ftp.ncbi.nlm.nih.gov\geo\series\GSE285nnn\GSE285028\matrix\sanitized_68385506e988.gz,,breast_nanomedicine_datasets_extended,23,MIRROR_SKIP,data",D:\breast_cancer_project_root\data\01_raw\RECURSIVE\ftp\ftp.ncbi.nlm.nih.gov\geo\series\GSE285nnn\GSE285028\matrix\sanitized_dir_1dce10724537
"D:\breast_cancer_project_root\data\01_raw\RECURSIVE\ftp\ftp.ncbi.nlm.nih.gov\geo\series\GSE285nnn\GSE285028\matrix\sanitized_88761801a33f.gz,nanomedicine,NCBI,10,MIRROR_SKIP,data",D:\breast_cancer_project_root\data\01_raw\RECURSIVE\ftp\ftp.ncbi.nlm.nih.gov\geo\series\GSE285nnn\GSE285028\matrix\sanitized_dir_aef0ab728075
"D:\breast_cancer_project_root\data\01_raw\RECURSIVE\ftp\ftp.ncbi.nlm.nih.gov\geo\series\GSE285nnn\GSE285028\suppl\sanitized_1e1c46b816ad.tar,18,MIRROR_SKIP,data",D:\breast_cancer_project_root\data\01_raw\RECURSIVE\ftp\ftp.ncbi.nlm.nih.gov\geo\series\GSE285nnn\GSE285028\suppl\sanitized_dir_bc41a7fb68ad
"D:\breast_cancer_project_root\data\01_raw\RECURSIVE\ftp\ftp.ncbi.nlm.nih.gov\geo\series\GSE285nnn\GSE285028\suppl\sanitized_ad74cc446e8e.tar,nanomedicine,NCBI,16,MIRROR_SKIP,data",D:\breast_cancer_project_root\data\01_raw\RECURSIVE\ftp\ftp.ncbi.nlm.nih.gov\geo\series\GSE285nnn\GSE285028\suppl\sanitized_dir_45a2ac41ff40
"D:\breast_cancer_project_root\data\01_raw\RECURSIVE\ftp\ftp.ncbi.nlm.nih.gov\geo\series\GSE285nnn\GSE285028\suppl\sanitized_dd5ceb89a84f.txt,22,MIRROR_SKIP,data",D:\breast_cancer_project_root\data\01_raw\RECURSIVE\ftp\ftp.ncbi.nlm.nih.gov\geo\series\GSE285nnn\GSE285028\suppl\sanitized_dir_2bf7bff47f7e
"D:\breast_cancer_project_root\data\01_raw\RECURSIVE\ftp\ftp.ncbi.nlm.nih.gov\geo\series\GSE836nnn\GSE83669\sanitized_cbb8106e5cfa.txt,20,MIRROR_SKIP,data",D:\breast_cancer_project_root\data\01_raw\RECURSIVE\ftp\ftp.ncbi.nlm.nih.gov\geo\series\GSE836nnn\GSE83669\sanitized_dir_007b3c8d884d
"D:\breast_cancer_project_root\data\01_raw\RECURSIVE\ftp\ftp.ncbi.nlm.nih.gov\geo\series\GSE836nnn\GSE83669\matrix\sanitized_10ed3abccc8a.gz,http,11,MIRROR_SKIP,data",D:\breast_cancer_project_root\data\01_raw\RECURSIVE\ftp\ftp.ncbi.nlm.nih.gov\geo\series\GSE836nnn\GSE83669\matrix\sanitized_dir_80bab9ccfabe
"D:\breast_cancer_project_root\data\01_raw\RECURSIVE\ftp\ftp.ncbi.nlm.nih.gov\geo\series\GSE836nnn\GSE83669\matrix\sanitized_4f119be6e83c.gz,,breast_nanomedicine_datasets_extended,22,MIRROR_SKIP,data",D:\breast_cancer_project_root\data\01_raw\RECURSIVE\ftp\ftp.ncbi.nlm.nih.gov\geo\series\GSE836nnn\GSE83669\matrix\sanitized_dir_522df74f6734
"D:\breast_cancer_project_root\data\01_raw\RECURSIVE\ftp\ftp.ncbi.nlm.nih.gov\geo\series\GSE836nnn\GSE83669\matrix\sanitized_62e02eab630c.gz,nanomedicine,NCBI,10,MIRROR_SKIP,data",D:\breast_cancer_project_root\data\01_raw\RECURSIVE\ftp\ftp.ncbi.nlm.nih.gov\geo\series\GSE836nnn\GSE83669\matrix\sanitized_dir_ef18e82f47fa
"D:\breast_cancer_project_root\data\01_raw\RECURSIVE\ftp\ftp.ncbi.nlm.nih.gov\geo\series\GSE836nnn\GSE83669\matrix\sanitized_c0cc3f256962.gz,18,MIRROR_SKIP,data",D:\breast_cancer_project_root\data\01_raw\RECURSIVE\ftp\ftp.ncbi.nlm.nih.gov\geo\series\GSE836nnn\GSE83669\matrix\sanitized_dir_985c6173bdb6
"D:\breast_cancer_project_root\data\01_raw\RECURSIVE\ftp\ftp.ncbi.nlm.nih.gov\geo\series\GSE836nnn\GSE83669\suppl\sanitized_4c0a4ae4a412.xlsx,http,16,MIRROR_SKIP,data",D:\breast_cancer_project_root\data\01_raw\RECURSIVE\ftp\ftp.ncbi.nlm.nih.gov\geo\series\GSE836nnn\GSE83669\suppl\sanitized_dir_0b2c990fca84
"D:\breast_cancer_project_root\data\01_raw\RECURSIVE\ftp\ftp.ncbi.nlm.nih.gov\geo\series\GSE836nnn\GSE83669\suppl\sanitized_9977944cc923.xlsx,nanomedicine,NCBI,15,MIRROR_SKIP,data",D:\breast_cancer_project_root\data\01_raw\RECURSIVE\ftp\ftp.ncbi.nlm.nih.gov\geo\series\GSE836nnn\GSE83669\suppl\sanitized_dir_233bfbaa1df0
"D:\breast_cancer_project_root\data\01_raw\RECURSIVE\ftp\ftp.ncbi.nlm.nih.gov\geo\series\GSE836nnn\GSE83669\suppl\sanitized_9cddc84f1adc.xlsx,19,MIRROR_SKIP,data",D:\breast_cancer_project_root\data\01_raw\RECURSIVE\ftp\ftp.ncbi.nlm.nih.gov\geo\series\GSE836nnn\GSE83669\suppl\sanitized_dir_aab53af72a7c
"D:\breast_cancer_project_root\data\01_raw\RECURSIVE\ftp\ftp.ncbi.nlm.nih.gov\geo\series\GSE836nnn\GSE83669\suppl\sanitized_c7bdbabab27d.xlsx,,breast_nanomedicine_datasets_extended,23,MIRROR_SKIP,data",D:\breast_cancer_project_root\data\01_raw\RECURSIVE\ftp\ftp.ncbi.nlm.nih.gov\geo\series\GSE836nnn\GSE83669\suppl\sanitized_dir_5f13fd6739a1
"D:\breast_cancer_project_root\data\01_raw\RECURSIVE\ftp\ftp.ncbi.nlm.nih.gov\geo\series\GSE849nnn\GSE84982\matrix\sanitized_7412e990616c.gz,nanomedicine,NCBI,9,MIRROR_SKIP,data",D:\breast_cancer_project_root\data\01_raw\RECURSIVE\ftp\ftp.ncbi.nlm.nih.gov\geo\series\GSE849nnn\GSE84982\matrix\sanitized_dir_002a168da80b
"D:\breast_cancer_project_root\data\01_raw\RECURSIVE\ftp\ftp.ncbi.nlm.nih.gov\geo\series\GSE849nnn\GSE84982\matrix\sanitized_9b06bc215f2f.gz,,breast_nanomedicine_datasets_extended,27,MIRROR_SKIP,data",D:\breast_cancer_project_root\data\01_raw\RECURSIVE\ftp\ftp.ncbi.nlm.nih.gov\geo\series\GSE849nnn\GSE84982\matrix\sanitized_dir_cae5a8b497f6
"D:\breast_cancer_project_root\data\01_raw\RECURSIVE\ftp\ftp.ncbi.nlm.nih.gov\geo\series\GSE849nnn\GSE84982\matrix\sanitized_a1b44d2814c4.gz,22,MIRROR_SKIP,data",D:\breast_cancer_project_root\data\01_raw\RECURSIVE\ftp\ftp.ncbi.nlm.nih.gov\geo\series\GSE849nnn\GSE84982\matrix\sanitized_dir_b351a3529a9d
"D:\breast_cancer_project_root\data\01_raw\RECURSIVE\ftp\ftp.ncbi.nlm.nih.gov\geo\series\GSE849nnn\GSE84982\matrix\sanitized_dbaa51938592.gz,http,10,MIRROR_SKIP,data",D:\breast_cancer_project_root\data\01_raw\RECURSIVE\ftp\ftp.ncbi.nlm.nih.gov\geo\series\GSE849nnn\GSE84982\matrix\sanitized_dir_3c2b8af7374d
"D:\breast_cancer_project_root\data\01_raw\RECURSIVE\ftp\ftp.ncbi.nlm.nih.gov\geo\series\GSE849nnn\GSE84982\suppl\sanitized_0b090c0890c0.gz,http,19,MIRROR_SKIP,data",D:\breast_cancer_project_root\data\01_raw\RECURSIVE\ftp\ftp.ncbi.nlm.nih.gov\geo\series\GSE849nnn\GSE84982\suppl\sanitized_dir_f468040f11d0
"D:\breast_cancer_project_root\data\01_raw\RECURSIVE\ftp\ftp.ncbi.nlm.nih.gov\geo\series\GSE849nnn\GSE84982\suppl\sanitized_414b8854d51f.gz,21,MIRROR_SKIP,data",D:\breast_cancer_project_root\data\01_raw\RECURSIVE\ftp\ftp.ncbi.nlm.nih.gov\geo\series\GSE849nnn\GSE84982\suppl\sanitized_dir_130942d9a89a
"D:\breast_cancer_project_root\data\01_raw\RECURSIVE\ftp\ftp.ncbi.nlm.nih.gov\geo\series\GSE849nnn\GSE84982\suppl\sanitized_614338f3ea30.gz,,breast_nanomedicine_datasets_extended,26,MIRROR_SKIP,data",D:\breast_cancer_project_root\data\01_raw\RECURSIVE\ftp\ftp.ncbi.nlm.nih.gov\geo\series\GSE849nnn\GSE84982\suppl\sanitized_dir_865bef705089
"D:\breast_cancer_project_root\data\01_raw\RECURSIVE\ftp\ftp.ncbi.nlm.nih.gov\geo\series\GSE849nnn\GSE84982\suppl\sanitized_7f217a217f51.txt,25,MIRROR_SKIP,data",D:\breast_cancer_project_root\data\01_raw\RECURSIVE\ftp\ftp.ncbi.nlm.nih.gov\geo\series\GSE849nnn\GSE84982\suppl\sanitized_dir_46966d219755
"D:\breast_cancer_project_root\data\01_raw\RECURSIVE\ftp\ftp.ncbi.nlm.nih.gov\geo\series\GSE849nnn\GSE84982\suppl\sanitized_86657014063e.gz,nanomedicine,NCBI,18,MIRROR_SKIP,data",D:\breast_cancer_project_root\data\01_raw\RECURSIVE\ftp\ftp.ncbi.nlm.nih.gov\geo\series\GSE849nnn\GSE84982\suppl\sanitized_dir_b2aa5bea1f7e
"D:\breast_cancer_project_root\data\01_raw\RECURSIVE\http\sanitized_036154a63c9b.csv,HTTP",D:\breast_cancer_project_root\data\01_raw\RECURSIVE\http\sanitized_dir_4a3c5aede8f4
"D:\breast_cancer_project_root\data\01_raw\RECURSIVE\http\sanitized_0a6da697adff.csv,HTTP",D:\breast_cancer_project_root\data\01_raw\RECURSIVE\http\sanitized_dir_ce4f5b9a951e
"D:\breast_cancer_project_root\data\01_raw\RECURSIVE\http\sanitized_0c4ce9b34911.csv,HTTP",D:\breast_cancer_project_root\data\01_raw\RECURSIVE\http\sanitized_dir_000450b33171
"D:\breast_cancer_project_root\data\01_raw\RECURSIVE\http\sanitized_69e05a72872b.csv,HTTP",D:\breast_cancer_project_root\data\01_raw\RECURSIVE\http\sanitized_dir_5e77d50aec7f
"D:\breast_cancer_project_root\data\01_raw\RECURSIVE\http\sanitized_a18206f22d7b.fi,nanomedicine,Web",D:\breast_cancer_project_root\data\01_raw\RECURSIVE\http\sanitized_dir_6cddb2ba02bf
"D:\breast_cancer_project_root\data\01_raw\RECURSIVE\http\sanitized_ecfff25efe3e.fi,",D:\breast_cancer_project_root\data\01_raw\RECURSIVE\http\sanitized_dir_db22f0441f84
"D:\breast_cancer_project_root\data\01_raw\RECURSIVE\http\ctdbase.org\reports\sanitized_9aeae4634490.gz,1,OK,data",D:\breast_cancer_project_root\data\01_raw\RECURSIVE\http\ctdbase.org\reports\sanitized_dir_3b87a28524b9
"D:\breast_cancer_project_root\data\01_raw\RECURSIVE\http\ctdbase.org\reports\sanitized_d468827bd478.gz,1,OK,data",D:\breast_cancer_project_root\data\01_raw\RECURSIVE\http\ctdbase.org\reports\sanitized_dir_598b4d85b2a3
"D:\breast_cancer_project_root\data\01_raw\RECURSIVE\https\cbioportal-datahub.s3.amazonaws.com\sanitized_784b8927f173.gz,clinical",D:\breast_cancer_project_root\data\01_raw\RECURSIVE\https\cbioportal-datahub.s3.amazonaws.com\sanitized_dir_36b7ec81687c
"D:\breast_cancer_project_root\data\01_raw\RECURSIVE\https\cbioportal-datahub.s3.amazonaws.com\sanitized_e425b750397c.gz,clinical",D:\breast_cancer_project_root\data\01_raw\RECURSIVE\https\cbioportal-datahub.s3.amazonaws.com\sanitized_dir_b839af1be9d6
"D:\breast_cancer_project_root\data\01_raw\RECURSIVE\https\clinicaltrials.gov\sanitized_5df25cee28f3.txt,1,OK,data",D:\breast_cancer_project_root\data\01_raw\RECURSIVE\https\clinicaltrials.gov\sanitized_dir_07ec1e478f0f
"D:\breast_cancer_project_root\data\01_raw\RECURSIVE\https\clinicaltrials.gov\study\sanitized_0058634927ee.txt,1,OK,data",D:\breast_cancer_project_root\data\01_raw\RECURSIVE\https\clinicaltrials.gov\study\sanitized_dir_921bef159232
"D:\breast_cancer_project_root\data\01_raw\RECURSIVE\https\clinicaltrials.gov\study\sanitized_02777bc329f7.txt,1,OK,data",D:\breast_cancer_project_root\data\01_raw\RECURSIVE\https\clinicaltrials.gov\study\sanitized_dir_b78c76fd5f02
"D:\breast_cancer_project_root\data\01_raw\RECURSIVE\https\clinicaltrials.gov\study\sanitized_041ecf2c43d7.txt,1,OK,data",D:\breast_cancer_project_root\data\01_raw\RECURSIVE\https\clinicaltrials.gov\study\sanitized_dir_1583dd395baf
"D:\breast_cancer_project_root\data\01_raw\RECURSIVE\https\clinicaltrials.gov\study\sanitized_0764b1f10537.txt,1,OK,data",D:\breast_cancer_project_root\data\01_raw\RECURSIVE\https\clinicaltrials.gov\study\sanitized_dir_487c24917f29
"D:\breast_cancer_project_root\data\01_raw\RECURSIVE\https\clinicaltrials.gov\study\sanitized_085fb6afcaf9.txt,1,OK,data",D:\breast_cancer_project_root\data\01_raw\RECURSIVE\https\clinicaltrials.gov\study\sanitized_dir_489a695ff99f
"D:\breast_cancer_project_root\data\01_raw\RECURSIVE\https\clinicaltrials.gov\study\sanitized_0945e7df6ac6.txt,1,OK,data",D:\breast_cancer_project_root\data\01_raw\RECURSIVE\https\clinicaltrials.gov\study\sanitized_dir_3693159a632a
"D:\breast_cancer_project_root\data\01_raw\RECURSIVE\https\clinicaltrials.gov\study\sanitized_0aa8babaf230.txt,1,OK,data",D:\breast_cancer_project_root\data\01_raw\RECURSIVE\https\clinicaltrials.gov\study\sanitized_dir_55eb134175e5
"D:\breast_cancer_project_root\data\01_raw\RECURSIVE\https\clinicaltrials.gov\study\sanitized_0b1564156805.txt,1,OK,data",D:\breast_cancer_project_root\data\01_raw\RECURSIVE\https\clinicaltrials.gov\study\sanitized_dir_dd1670f94e22
"D:\breast_cancer_project_root\data\01_raw\RECURSIVE\https\clinicaltrials.gov\study\sanitized_0c5b09690cb4.txt,1,OK,data",D:\breast_cancer_project_root\data\01_raw\RECURSIVE\https\clinicaltrials.gov\study\sanitized_dir_963bae39ce8d
"D:\breast_cancer_project_root\data\01_raw\RECURSIVE\https\clinicaltrials.gov\study\sanitized_0defe654a85b.txt,1,OK,data",D:\breast_cancer_project_root\data\01_raw\RECURSIVE\https\clinicaltrials.gov\study\sanitized_dir_1ef309fbff30
"D:\breast_cancer_project_root\data\01_raw\RECURSIVE\https\clinicaltrials.gov\study\sanitized_0eae6f6696a4.txt,1,OK,data",D:\breast_cancer_project_root\data\01_raw\RECURSIVE\https\clinicaltrials.gov\study\sanitized_dir_96c36e99de10
"D:\breast_cancer_project_root\data\01_raw\RECURSIVE\https\clinicaltrials.gov\study\sanitized_0fbdb875e45e.txt,1,OK,data",D:\breast_cancer_project_root\data\01_raw\RECURSIVE\https\clinicaltrials.gov\study\sanitized_dir_804ba53caefa
"D:\breast_cancer_project_root\data\01_raw\RECURSIVE\https\clinicaltrials.gov\study\sanitized_104fdd286f8b.txt,1,OK,data",D:\breast_cancer_project_root\data\01_raw\RECURSIVE\https\clinicaltrials.gov\study\sanitized_dir_00f086dd2330
"D:\breast_cancer_project_root\data\01_raw\RECURSIVE\https\clinicaltrials.gov\study\sanitized_112670c7c181.txt,1,OK,data",D:\breast_cancer_project_root\data\01_raw\RECURSIVE\https\clinicaltrials.gov\study\sanitized_dir_05581384b61d
"D:\breast_cancer_project_root\data\01_raw\RECURSIVE\https\clinicaltrials.gov\study\sanitized_13d29e41e090.txt,1,OK,data",D:\breast_cancer_project_root\data\01_raw\RECURSIVE\https\clinicaltrials.gov\study\sanitized_dir_005aa7751094
"D:\breast_cancer_project_root\data\01_raw\RECURSIVE\https\clinicaltrials.gov\study\sanitized_1541d655d0a9.txt,1,OK,data",D:\breast_cancer_project_root\data\01_raw\RECURSIVE\https\clinicaltrials.gov\study\sanitized_dir_789fecf33fda
"D:\breast_cancer_project_root\data\01_raw\RECURSIVE\https\clinicaltrials.gov\study\sanitized_163e99a7f259.txt,1,OK,data",D:\breast_cancer_project_root\data\01_raw\RECURSIVE\https\clinicaltrials.gov\study\sanitized_dir_884ad4fd17fc
"D:\breast_cancer_project_root\data\01_raw\RECURSIVE\https\clinicaltrials.gov\study\sanitized_20421bd958d1.txt,1,OK,data",D:\breast_cancer_project_root\data\01_raw\RECURSIVE\https\clinicaltrials.gov\study\sanitized_dir_6dd6ed8041b1
"D:\breast_cancer_project_root\data\01_raw\RECURSIVE\https\clinicaltrials.gov\study\sanitized_217efa2853c8.txt,1,OK,data",D:\breast_cancer_project_root\data\01_raw\RECURSIVE\https\clinicaltrials.gov\study\sanitized_dir_e3e5387d59e4
"D:\breast_cancer_project_root\data\01_raw\RECURSIVE\https\clinicaltrials.gov\study\sanitized_27b5fe63d5b6.txt,1,OK,data",D:\breast_cancer_project_root\data\01_raw\RECURSIVE\https\clinicaltrials.gov\study\sanitized_dir_a3fbe74f487a
"D:\breast_cancer_project_root\data\01_raw\RECURSIVE\https\clinicaltrials.gov\study\sanitized_289443672178.txt,1,OK,data",D:\breast_cancer_project_root\data\01_raw\RECURSIVE\https\clinicaltrials.gov\study\sanitized_dir_9de15e88caf8
"D:\breast_cancer_project_root\data\01_raw\RECURSIVE\https\clinicaltrials.gov\study\sanitized_28a20c987e35.txt,1,OK,data",D:\breast_cancer_project_root\data\01_raw\RECURSIVE\https\clinicaltrials.gov\study\sanitized_dir_db5031410487
"D:\breast_cancer_project_root\data\01_raw\RECURSIVE\https\clinicaltrials.gov\study\sanitized_29477e6f9a7b.txt,1,OK,data",D:\breast_cancer_project_root\data\01_raw\RECURSIVE\https\clinicaltrials.gov\study\sanitized_dir_9b9485b190d5
"D:\breast_cancer_project_root\data\01_raw\RECURSIVE\https\clinicaltrials.gov\study\sanitized_2a28856ff004.txt,1,OK,data",D:\breast_cancer_project_root\data\01_raw\RECURSIVE\https\clinicaltrials.gov\study\sanitized_dir_afdd6f640dba
"D:\breast_cancer_project_root\data\01_raw\RECURSIVE\https\clinicaltrials.gov\study\sanitized_2b904364e9d8.txt,1,OK,data",D:\breast_cancer_project_root\data\01_raw\RECURSIVE\https\clinicaltrials.gov\study\sanitized_dir_0d40f312f309
"D:\breast_cancer_project_root\data\01_raw\RECURSIVE\https\clinicaltrials.gov\study\sanitized_2c648b7b9bfd.txt,1,OK,data",D:\breast_cancer_project_root\data\01_raw\RECURSIVE\https\clinicaltrials.gov\study\sanitized_dir_da8a2841b8d6
"D:\breast_cancer_project_root\data\01_raw\RECURSIVE\https\clinicaltrials.gov\study\sanitized_2e9e1ec23ebe.txt,1,OK,data",D:\breast_cancer_project_root\data\01_raw\RECURSIVE\https\clinicaltrials.gov\study\sanitized_dir_2d5552836513
"D:\breast_cancer_project_root\data\01_raw\RECURSIVE\https\clinicaltrials.gov\study\sanitized_32b026c05ec0.txt,1,OK,data",D:\breast_cancer_project_root\data\01_raw\RECURSIVE\https\clinicaltrials.gov\study\sanitized_dir_ba625874ddf1
"D:\breast_cancer_project_root\data\01_raw\RECURSIVE\https\clinicaltrials.gov\study\sanitized_334936fa98eb.txt,1,OK,data",D:\breast_cancer_project_root\data\01_raw\RECURSIVE\https\clinicaltrials.gov\study\sanitized_dir_d4dae9d33238
"D:\breast_cancer_project_root\data\01_raw\RECURSIVE\https\clinicaltrials.gov\study\sanitized_3707ac307d39.txt,1,OK,data",D:\breast_cancer_project_root\data\01_raw\RECURSIVE\https\clinicaltrials.gov\study\sanitized_dir_07150f597919
"D:\breast_cancer_project_root\data\01_raw\RECURSIVE\https\clinicaltrials.gov\study\sanitized_38f6a38ac85e.txt,1,OK,data",D:\breast_cancer_project_root\data\01_raw\RECURSIVE\https\clinicaltrials.gov\study\sanitized_dir_cb15ebda54a5
"D:\breast_cancer_project_root\data\01_raw\RECURSIVE\https\clinicaltrials.gov\study\sanitized_3d0a152827f2.txt,1,OK,data",D:\breast_cancer_project_root\data\01_raw\RECURSIVE\https\clinicaltrials.gov\study\sanitized_dir_30c3664337f9
"D:\breast_cancer_project_root\data\01_raw\RECURSIVE\https\clinicaltrials.gov\study\sanitized_43058ae0a7d0.txt,1,OK,data",D:\breast_cancer_project_root\data\01_raw\RECURSIVE\https\clinicaltrials.gov\study\sanitized_dir_8d686ab201c4
"D:\breast_cancer_project_root\data\01_raw\RECURSIVE\https\clinicaltrials.gov\study\sanitized_45b5aae52246.txt,1,OK,data",D:\breast_cancer_project_root\data\01_raw\RECURSIVE\https\clinicaltrials.gov\study\sanitized_dir_59d1948cae50
"D:\breast_cancer_project_root\data\01_raw\RECURSIVE\https\clinicaltrials.gov\study\sanitized_4ab982b72589.txt,1,OK,data",D:\breast_cancer_project_root\data\01_raw\RECURSIVE\https\clinicaltrials.gov\study\sanitized_dir_3849de10936b
"D:\breast_cancer_project_root\data\01_raw\RECURSIVE\https\clinicaltrials.gov\study\sanitized_501c55840a2d.txt,1,OK,data",D:\breast_cancer_project_root\data\01_raw\RECURSIVE\https\clinicaltrials.gov\study\sanitized_dir_e34d9b8890a4
"D:\breast_cancer_project_root\data\01_raw\RECURSIVE\https\clinicaltrials.gov\study\sanitized_56b867e57f13.txt,1,OK,data",D:\breast_cancer_project_root\data\01_raw\RECURSIVE\https\clinicaltrials.gov\study\sanitized_dir_639f685d5708
"D:\breast_cancer_project_root\data\01_raw\RECURSIVE\https\clinicaltrials.gov\study\sanitized_5c747b0f33a4.txt,1,OK,data",D:\breast_cancer_project_root\data\01_raw\RECURSIVE\https\clinicaltrials.gov\study\sanitized_dir_707b20983d1b
"D:\breast_cancer_project_root\data\01_raw\RECURSIVE\https\clinicaltrials.gov\study\sanitized_5d40907a8c07.txt,1,OK,data",D:\breast_cancer_project_root\data\01_raw\RECURSIVE\https\clinicaltrials.gov\study\sanitized_dir_dad6c812b700
"D:\breast_cancer_project_root\data\01_raw\RECURSIVE\https\clinicaltrials.gov\study\sanitized_5e04b5732674.txt,1,OK,data",D:\breast_cancer_project_root\data\01_raw\RECURSIVE\https\clinicaltrials.gov\study\sanitized_dir_66abf46a1d06
"D:\breast_cancer_project_root\data\01_raw\RECURSIVE\https\clinicaltrials.gov\study\sanitized_5e47adfab284.txt,1,OK,data",D:\breast_cancer_project_root\data\01_raw\RECURSIVE\https\clinicaltrials.gov\study\sanitized_dir_c39e8360b3d5
"D:\breast_cancer_project_root\data\01_raw\RECURSIVE\https\clinicaltrials.gov\study\sanitized_5f80debcb8d2.master,1,OK,data",D:\breast_cancer_project_root\data\01_raw\RECURSIVE\https\clinicaltrials.gov\study\sanitized_dir_5442213b73c8
"D:\breast_cancer_project_root\data\01_raw\RECURSIVE\https\clinicaltrials.gov\study\sanitized_6776a8048ef8.txt,1,OK,data",D:\breast_cancer_project_root\data\01_raw\RECURSIVE\https\clinicaltrials.gov\study\sanitized_dir_a562a4d8dca0
"D:\breast_cancer_project_root\data\01_raw\RECURSIVE\https\clinicaltrials.gov\study\sanitized_6992a4c86986.txt,1,OK,data",D:\breast_cancer_project_root\data\01_raw\RECURSIVE\https\clinicaltrials.gov\study\sanitized_dir_42afb7aa620a
"D:\breast_cancer_project_root\data\01_raw\RECURSIVE\https\clinicaltrials.gov\study\sanitized_6b58f3415388.txt,1,OK,data",D:\breast_cancer_project_root\data\01_raw\RECURSIVE\https\clinicaltrials.gov\study\sanitized_dir_1ac3c80958bc
"D:\breast_cancer_project_root\data\01_raw\RECURSIVE\https\clinicaltrials.gov\study\sanitized_6bfb14754c8b.txt,1,OK,data",D:\breast_cancer_project_root\data\01_raw\RECURSIVE\https\clinicaltrials.gov\study\sanitized_dir_99a656735d10
"D:\breast_cancer_project_root\data\01_raw\RECURSIVE\https\clinicaltrials.gov\study\sanitized_6d5bb2de7452.txt,1,OK,data",D:\breast_cancer_project_root\data\01_raw\RECURSIVE\https\clinicaltrials.gov\study\sanitized_dir_164b8a9b7fcb
"D:\breast_cancer_project_root\data\01_raw\RECURSIVE\https\clinicaltrials.gov\study\sanitized_6e2be19d7e61.txt,1,OK,data",D:\breast_cancer_project_root\data\01_raw\RECURSIVE\https\clinicaltrials.gov\study\sanitized_dir_1978697413e5
"D:\breast_cancer_project_root\data\01_raw\RECURSIVE\https\clinicaltrials.gov\study\sanitized_6e712aab36a1.txt,1,OK,data",D:\breast_cancer_project_root\data\01_raw\RECURSIVE\https\clinicaltrials.gov\study\sanitized_dir_585dbc44df80
"D:\breast_cancer_project_root\data\01_raw\RECURSIVE\https\clinicaltrials.gov\study\sanitized_6f1327cfd292.txt,1,OK,data",D:\breast_cancer_project_root\data\01_raw\RECURSIVE\https\clinicaltrials.gov\study\sanitized_dir_d83f74d3de94
"D:\breast_cancer_project_root\data\01_raw\RECURSIVE\https\clinicaltrials.gov\study\sanitized_72b2031bf344.txt,1,OK,data",D:\breast_cancer_project_root\data\01_raw\RECURSIVE\https\clinicaltrials.gov\study\sanitized_dir_31326a568b61
"D:\breast_cancer_project_root\data\01_raw\RECURSIVE\https\clinicaltrials.gov\study\sanitized_784d654b5134.txt,1,OK,data",D:\breast_cancer_project_root\data\01_raw\RECURSIVE\https\clinicaltrials.gov\study\sanitized_dir_7baae8f056a9
"D:\breast_cancer_project_root\data\01_raw\RECURSIVE\https\clinicaltrials.gov\study\sanitized_7c7faaf95899.txt,1,OK,data",D:\breast_cancer_project_root\data\01_raw\RECURSIVE\https\clinicaltrials.gov\study\sanitized_dir_ec962264144f
"D:\breast_cancer_project_root\data\01_raw\RECURSIVE\https\clinicaltrials.gov\study\sanitized_7cb9c1e8d9c9.txt,1,OK,data",D:\breast_cancer_project_root\data\01_raw\RECURSIVE\https\clinicaltrials.gov\study\sanitized_dir_4c5d1f3f7ab4
"D:\breast_cancer_project_root\data\01_raw\RECURSIVE\https\clinicaltrials.gov\study\sanitized_8229b362a6a6.txt,1,OK,data",D:\breast_cancer_project_root\data\01_raw\RECURSIVE\https\clinicaltrials.gov\study\sanitized_dir_7471631cf2ec
"D:\breast_cancer_project_root\data\01_raw\RECURSIVE\https\clinicaltrials.gov\study\sanitized_824a2c799297.txt,1,OK,data",D:\breast_cancer_project_root\data\01_raw\RECURSIVE\https\clinicaltrials.gov\study\sanitized_dir_e06214558e21
"D:\breast_cancer_project_root\data\01_raw\RECURSIVE\https\clinicaltrials.gov\study\sanitized_827625d281cb.txt,1,OK,data",D:\breast_cancer_project_root\data\01_raw\RECURSIVE\https\clinicaltrials.gov\study\sanitized_dir_79b1f203022f
"D:\breast_cancer_project_root\data\01_raw\RECURSIVE\https\clinicaltrials.gov\study\sanitized_8307bfcedef6.txt,1,OK,data",D:\breast_cancer_project_root\data\01_raw\RECURSIVE\https\clinicaltrials.gov\study\sanitized_dir_45f25cccf8e5
"D:\breast_cancer_project_root\data\01_raw\RECURSIVE\https\clinicaltrials.gov\study\sanitized_83ebe7e83734.txt,1,OK,data",D:\breast_cancer_project_root\data\01_raw\RECURSIVE\https\clinicaltrials.gov\study\sanitized_dir_d634e5ae9e90
"D:\breast_cancer_project_root\data\01_raw\RECURSIVE\https\clinicaltrials.gov\study\sanitized_8559b058a036.txt,1,OK,data",D:\breast_cancer_project_root\data\01_raw\RECURSIVE\https\clinicaltrials.gov\study\sanitized_dir_69e711879f3a
"D:\breast_cancer_project_root\data\01_raw\RECURSIVE\https\clinicaltrials.gov\study\sanitized_863bf2383239.txt,1,OK,data",D:\breast_cancer_project_root\data\01_raw\RECURSIVE\https\clinicaltrials.gov\study\sanitized_dir_904f3fff7703
"D:\breast_cancer_project_root\data\01_raw\RECURSIVE\https\clinicaltrials.gov\study\sanitized_87524b49a343.txt,1,OK,data",D:\breast_cancer_project_root\data\01_raw\RECURSIVE\https\clinicaltrials.gov\study\sanitized_dir_b299c152b47c
"D:\breast_cancer_project_root\data\01_raw\RECURSIVE\https\clinicaltrials.gov\study\sanitized_885e7d495567.txt,1,OK,data",D:\breast_cancer_project_root\data\01_raw\RECURSIVE\https\clinicaltrials.gov\study\sanitized_dir_1bdb911dace6
"D:\breast_cancer_project_root\data\01_raw\RECURSIVE\https\clinicaltrials.gov\study\sanitized_88c577cc4ce5.txt,1,OK,data",D:\breast_cancer_project_root\data\01_raw\RECURSIVE\https\clinicaltrials.gov\study\sanitized_dir_5a1f488d2f90
"D:\breast_cancer_project_root\data\01_raw\RECURSIVE\https\clinicaltrials.gov\study\sanitized_896af74aac01.txt,1,OK,data",D:\breast_cancer_project_root\data\01_raw\RECURSIVE\https\clinicaltrials.gov\study\sanitized_dir_9e3405e9f2b8
"D:\breast_cancer_project_root\data\01_raw\RECURSIVE\https\clinicaltrials.gov\study\sanitized_899d32263a61.txt,1,OK,data",D:\breast_cancer_project_root\data\01_raw\RECURSIVE\https\clinicaltrials.gov\study\sanitized_dir_129a484bcd32
"D:\breast_cancer_project_root\data\01_raw\RECURSIVE\https\clinicaltrials.gov\study\sanitized_89e958564ad1.txt,1,OK,data",D:\breast_cancer_project_root\data\01_raw\RECURSIVE\https\clinicaltrials.gov\study\sanitized_dir_6783d2d18127
"D:\breast_cancer_project_root\data\01_raw\RECURSIVE\https\clinicaltrials.gov\study\sanitized_8a5ab2e00940.txt,1,OK,data",D:\breast_cancer_project_root\data\01_raw\RECURSIVE\https\clinicaltrials.gov\study\sanitized_dir_46e8d876c8ed
"D:\breast_cancer_project_root\data\01_raw\RECURSIVE\https\clinicaltrials.gov\study\sanitized_8a76ec3d58ad.txt,1,OK,data",D:\breast_cancer_project_root\data\01_raw\RECURSIVE\https\clinicaltrials.gov\study\sanitized_dir_aaae7cad0fcd
"D:\breast_cancer_project_root\data\01_raw\RECURSIVE\https\clinicaltrials.gov\study\sanitized_8c793d7e2d2b.txt,1,OK,data",D:\breast_cancer_project_root\data\01_raw\RECURSIVE\https\clinicaltrials.gov\study\sanitized_dir_9b544ff54881
"D:\breast_cancer_project_root\data\01_raw\RECURSIVE\https\clinicaltrials.gov\study\sanitized_905dcb3dd80f.txt,1,OK,data",D:\breast_cancer_project_root\data\01_raw\RECURSIVE\https\clinicaltrials.gov\study\sanitized_dir_13654f748565
"D:\breast_cancer_project_root\data\01_raw\RECURSIVE\https\clinicaltrials.gov\study\sanitized_907f71724758.txt,1,OK,data",D:\breast_cancer_project_root\data\01_raw\RECURSIVE\https\clinicaltrials.gov\study\sanitized_dir_b105d57b3f13
"D:\breast_cancer_project_root\data\01_raw\RECURSIVE\https\clinicaltrials.gov\study\sanitized_90f6cece8262.txt,1,OK,data",D:\breast_cancer_project_root\data\01_raw\RECURSIVE\https\clinicaltrials.gov\study\sanitized_dir_1940d56ac7ac
"D:\breast_cancer_project_root\data\01_raw\RECURSIVE\https\clinicaltrials.gov\study\sanitized_919a9898e04f.txt,1,OK,data",D:\breast_cancer_project_root\data\01_raw\RECURSIVE\https\clinicaltrials.gov\study\sanitized_dir_c679d31f5cdc
"D:\breast_cancer_project_root\data\01_raw\RECURSIVE\https\clinicaltrials.gov\study\sanitized_96be4a5a1e70.txt,1,OK,data",D:\breast_cancer_project_root\data\01_raw\RECURSIVE\https\clinicaltrials.gov\study\sanitized_dir_e2da13d996a0
"D:\breast_cancer_project_root\data\01_raw\RECURSIVE\https\clinicaltrials.gov\study\sanitized_96fcae228fd5.txt,1,OK,data",D:\breast_cancer_project_root\data\01_raw\RECURSIVE\https\clinicaltrials.gov\study\sanitized_dir_a56e5cf94999
"D:\breast_cancer_project_root\data\01_raw\RECURSIVE\https\clinicaltrials.gov\study\sanitized_973fc14e0971.txt,1,OK,data",D:\breast_cancer_project_root\data\01_raw\RECURSIVE\https\clinicaltrials.gov\study\sanitized_dir_58334e9d0a78
"D:\breast_cancer_project_root\data\01_raw\RECURSIVE\https\clinicaltrials.gov\study\sanitized_9d61bc0f125a.txt,1,OK,data",D:\breast_cancer_project_root\data\01_raw\RECURSIVE\https\clinicaltrials.gov\study\sanitized_dir_2f8294b07bd7
"D:\breast_cancer_project_root\data\01_raw\RECURSIVE\https\clinicaltrials.gov\study\sanitized_9f189227dbec.txt,1,OK,data",D:\breast_cancer_project_root\data\01_raw\RECURSIVE\https\clinicaltrials.gov\study\sanitized_dir_b12deda9fc17
"D:\breast_cancer_project_root\data\01_raw\RECURSIVE\https\clinicaltrials.gov\study\sanitized_9f236756bd1e.txt,1,OK,data",D:\breast_cancer_project_root\data\01_raw\RECURSIVE\https\clinicaltrials.gov\study\sanitized_dir_48d0ce8e0e21
"D:\breast_cancer_project_root\data\01_raw\RECURSIVE\https\clinicaltrials.gov\study\sanitized_a17f917e6cc0.txt,1,OK,data",D:\breast_cancer_project_root\data\01_raw\RECURSIVE\https\clinicaltrials.gov\study\sanitized_dir_969ec248e6b6
"D:\breast_cancer_project_root\data\01_raw\RECURSIVE\https\clinicaltrials.gov\study\sanitized_a49e4ec51180.txt,1,OK,data",D:\breast_cancer_project_root\data\01_raw\RECURSIVE\https\clinicaltrials.gov\study\sanitized_dir_a761e2aa6881
"D:\breast_cancer_project_root\data\01_raw\RECURSIVE\https\clinicaltrials.gov\study\sanitized_a92856d2c218.txt,1,OK,data",D:\breast_cancer_project_root\data\01_raw\RECURSIVE\https\clinicaltrials.gov\study\sanitized_dir_6ae9f56ddde8
"D:\breast_cancer_project_root\data\01_raw\RECURSIVE\https\clinicaltrials.gov\study\sanitized_aa5b26902def.master,1,OK,data",D:\breast_cancer_project_root\data\01_raw\RECURSIVE\https\clinicaltrials.gov\study\sanitized_dir_f3f44c72c03e
"D:\breast_cancer_project_root\data\01_raw\RECURSIVE\https\clinicaltrials.gov\study\sanitized_acd9f73a29b7.txt,1,OK,data",D:\breast_cancer_project_root\data\01_raw\RECURSIVE\https\clinicaltrials.gov\study\sanitized_dir_5a935ea9778f
"D:\breast_cancer_project_root\data\01_raw\RECURSIVE\https\clinicaltrials.gov\study\sanitized_aeaab443937e.txt,1,OK,data",D:\breast_cancer_project_root\data\01_raw\RECURSIVE\https\clinicaltrials.gov\study\sanitized_dir_c7725dbc38a7
"D:\breast_cancer_project_root\data\01_raw\RECURSIVE\https\clinicaltrials.gov\study\sanitized_b103d159d559.txt,1,OK,data",D:\breast_cancer_project_root\data\01_raw\RECURSIVE\https\clinicaltrials.gov\study\sanitized_dir_dd14dc090e77
"D:\breast_cancer_project_root\data\01_raw\RECURSIVE\https\clinicaltrials.gov\study\sanitized_b2b7a7bf0162.txt,1,OK,data",D:\breast_cancer_project_root\data\01_raw\RECURSIVE\https\clinicaltrials.gov\study\sanitized_dir_87d32a267190
"D:\breast_cancer_project_root\data\01_raw\RECURSIVE\https\clinicaltrials.gov\study\sanitized_b3ba05156c20.txt,1,OK,data",D:\breast_cancer_project_root\data\01_raw\RECURSIVE\https\clinicaltrials.gov\study\sanitized_dir_d2f3c60f156f
"D:\breast_cancer_project_root\data\01_raw\RECURSIVE\https\clinicaltrials.gov\study\sanitized_b8727b0c3efb.txt,1,OK,data",D:\breast_cancer_project_root\data\01_raw\RECURSIVE\https\clinicaltrials.gov\study\sanitized_dir_dcc1391db44d
"D:\breast_cancer_project_root\data\01_raw\RECURSIVE\https\clinicaltrials.gov\study\sanitized_bb38c3c5f779.txt,1,OK,data",D:\breast_cancer_project_root\data\01_raw\RECURSIVE\https\clinicaltrials.gov\study\sanitized_dir_c54ab90a26b3
"D:\breast_cancer_project_root\data\01_raw\RECURSIVE\https\clinicaltrials.gov\study\sanitized_bf32b44c931e.txt,1,OK,data",D:\breast_cancer_project_root\data\01_raw\RECURSIVE\https\clinicaltrials.gov\study\sanitized_dir_b7503f2a852e
"D:\breast_cancer_project_root\data\01_raw\RECURSIVE\https\clinicaltrials.gov\study\sanitized_c4ce4e3a438e.txt,1,OK,data",D:\breast_cancer_project_root\data\01_raw\RECURSIVE\https\clinicaltrials.gov\study\sanitized_dir_b7c2f9fce8f7
"D:\breast_cancer_project_root\data\01_raw\RECURSIVE\https\clinicaltrials.gov\study\sanitized_ccf71dccd91b.txt,1,OK,data",D:\breast_cancer_project_root\data\01_raw\RECURSIVE\https\clinicaltrials.gov\study\sanitized_dir_99f550717a23
"D:\breast_cancer_project_root\data\01_raw\RECURSIVE\https\clinicaltrials.gov\study\sanitized_d963a7550b7e.txt,1,OK,data",D:\breast_cancer_project_root\data\01_raw\RECURSIVE\https\clinicaltrials.gov\study\sanitized_dir_99a2368005a2
"D:\breast_cancer_project_root\data\01_raw\RECURSIVE\https\clinicaltrials.gov\study\sanitized_db7475697a2a.master,1,OK,data",D:\breast_cancer_project_root\data\01_raw\RECURSIVE\https\clinicaltrials.gov\study\sanitized_dir_a4bdd6273940
"D:\breast_cancer_project_root\data\01_raw\RECURSIVE\https\clinicaltrials.gov\study\sanitized_e154f524f5ed.txt,1,OK,data",D:\breast_cancer_project_root\data\01_raw\RECURSIVE\https\clinicaltrials.gov\study\sanitized_dir_1d4fed0f6899
"D:\breast_cancer_project_root\data\01_raw\RECURSIVE\https\clinicaltrials.gov\study\sanitized_e16b967e59a1.txt,1,OK,data",D:\breast_cancer_project_root\data\01_raw\RECURSIVE\https\clinicaltrials.gov\study\sanitized_dir_2a85a0004df0
"D:\breast_cancer_project_root\data\01_raw\RECURSIVE\https\clinicaltrials.gov\study\sanitized_e5629d4ed72c.txt,1,OK,data",D:\breast_cancer_project_root\data\01_raw\RECURSIVE\https\clinicaltrials.gov\study\sanitized_dir_fb93e6e684f3
"D:\breast_cancer_project_root\data\01_raw\RECURSIVE\https\clinicaltrials.gov\study\sanitized_e7fb702e159d.txt,1,OK,data",D:\breast_cancer_project_root\data\01_raw\RECURSIVE\https\clinicaltrials.gov\study\sanitized_dir_ca7083aad5f3
"D:\breast_cancer_project_root\data\01_raw\RECURSIVE\https\clinicaltrials.gov\study\sanitized_e8b1968cf7d9.txt,1,OK,data",D:\breast_cancer_project_root\data\01_raw\RECURSIVE\https\clinicaltrials.gov\study\sanitized_dir_54476ce1a0c4
"D:\breast_cancer_project_root\data\01_raw\RECURSIVE\https\clinicaltrials.gov\study\sanitized_e966a269a013.txt,1,OK,data",D:\breast_cancer_project_root\data\01_raw\RECURSIVE\https\clinicaltrials.gov\study\sanitized_dir_52e94d6edf57
"D:\breast_cancer_project_root\data\01_raw\RECURSIVE\https\clinicaltrials.gov\study\sanitized_f14cac06f9f7.txt,1,OK,data",D:\breast_cancer_project_root\data\01_raw\RECURSIVE\https\clinicaltrials.gov\study\sanitized_dir_3acb8457084b
"D:\breast_cancer_project_root\data\01_raw\RECURSIVE\https\clinicaltrials.gov\study\sanitized_f5b145ea8abb.txt,1,OK,data",D:\breast_cancer_project_root\data\01_raw\RECURSIVE\https\clinicaltrials.gov\study\sanitized_dir_88676cd1b5ee
"D:\breast_cancer_project_root\data\01_raw\RECURSIVE\https\clinicaltrials.gov\study\sanitized_f861740fa314.txt,1,OK,data",D:\breast_cancer_project_root\data\01_raw\RECURSIVE\https\clinicaltrials.gov\study\sanitized_dir_38bd4187e216
"D:\breast_cancer_project_root\data\01_raw\RECURSIVE\https\clinicaltrials.gov\study\sanitized_f8bbbc85fa9d.txt,1,OK,data",D:\breast_cancer_project_root\data\01_raw\RECURSIVE\https\clinicaltrials.gov\study\sanitized_dir_624108c8c0bf
"D:\breast_cancer_project_root\data\01_raw\RECURSIVE\https\clinicaltrials.gov\study\sanitized_fb2713c6444b.txt,1,OK,data",D:\breast_cancer_project_root\data\01_raw\RECURSIVE\https\clinicaltrials.gov\study\sanitized_dir_f84a9e01ff79
"D:\breast_cancer_project_root\data\01_raw\RECURSIVE\https\clinicaltrials.gov\study\sanitized_fde1e3248d18.txt,1,OK,data",D:\breast_cancer_project_root\data\01_raw\RECURSIVE\https\clinicaltrials.gov\study\sanitized_dir_c6fe714c863c
"D:\breast_cancer_project_root\data\01_raw\RECURSIVE\https\data.wikipathways.org\current\gmt\sanitized_06fbde40b14b.gmt,1,OK,data",D:\breast_cancer_project_root\data\01_raw\RECURSIVE\https\data.wikipathways.org\current\gmt\sanitized_dir_dc6563ea11fe
"D:\breast_cancer_project_root\data\01_raw\RECURSIVE\https\data.wikipathways.org\current\gmt\sanitized_0cc521681013.gmt,1,OK,data",D:\breast_cancer_project_root\data\01_raw\RECURSIVE\https\data.wikipathways.org\current\gmt\sanitized_dir_962f2b42cc40
"D:\breast_cancer_project_root\data\01_raw\RECURSIVE\https\data.wikipathways.org\current\gmt\sanitized_13d17dfab6ef.gmt,1,OK,data",D:\breast_cancer_project_root\data\01_raw\RECURSIVE\https\data.wikipathways.org\current\gmt\sanitized_dir_d53ed2b6e61d
"D:\breast_cancer_project_root\data\01_raw\RECURSIVE\https\data.wikipathways.org\current\gmt\sanitized_35e6f5aedeaa.gmt,1,OK,data",D:\breast_cancer_project_root\data\01_raw\RECURSIVE\https\data.wikipathways.org\current\gmt\sanitized_dir_62f0f9015950
"D:\breast_cancer_project_root\data\01_raw\RECURSIVE\https\data.wikipathways.org\current\gmt\sanitized_547def9f2aee.gmt,1,OK,data",D:\breast_cancer_project_root\data\01_raw\RECURSIVE\https\data.wikipathways.org\current\gmt\sanitized_dir_023a313cd787
"D:\breast_cancer_project_root\data\01_raw\RECURSIVE\https\data.wikipathways.org\current\gmt\sanitized_616feed4df28.gmt,1,OK,data",D:\breast_cancer_project_root\data\01_raw\RECURSIVE\https\data.wikipathways.org\current\gmt\sanitized_dir_323494877432
"D:\breast_cancer_project_root\data\01_raw\RECURSIVE\https\data.wikipathways.org\current\gmt\sanitized_828b6646dea1.gmt,1,OK,data",D:\breast_cancer_project_root\data\01_raw\RECURSIVE\https\data.wikipathways.org\current\gmt\sanitized_dir_7336a0b67b0a
"D:\breast_cancer_project_root\data\01_raw\RECURSIVE\https\data.wikipathways.org\current\gmt\sanitized_85b42059ab97.gmt,1,OK,data",D:\breast_cancer_project_root\data\01_raw\RECURSIVE\https\data.wikipathways.org\current\gmt\sanitized_dir_bc2b73c9c3a7
"D:\breast_cancer_project_root\data\01_raw\RECURSIVE\https\data.wikipathways.org\current\gmt\sanitized_8aa845b4f45f.gmt,1,OK,data",D:\breast_cancer_project_root\data\01_raw\RECURSIVE\https\data.wikipathways.org\current\gmt\sanitized_dir_9df5b7df52bf
"D:\breast_cancer_project_root\data\01_raw\RECURSIVE\https\data.wikipathways.org\current\gmt\sanitized_95de098d9c8a.gmt,1,OK,data",D:\breast_cancer_project_root\data\01_raw\RECURSIVE\https\data.wikipathways.org\current\gmt\sanitized_dir_d9524efa878a
"D:\breast_cancer_project_root\data\01_raw\RECURSIVE\https\data.wikipathways.org\current\gmt\sanitized_b3c53e958101.gmt,1,OK,data",D:\breast_cancer_project_root\data\01_raw\RECURSIVE\https\data.wikipathways.org\current\gmt\sanitized_dir_672e4fd0197a
"D:\breast_cancer_project_root\data\01_raw\RECURSIVE\https\data.wikipathways.org\current\gmt\sanitized_b93a3754569e.gmt,1,OK,data",D:\breast_cancer_project_root\data\01_raw\RECURSIVE\https\data.wikipathways.org\current\gmt\sanitized_dir_5a0ef53de09a
"D:\breast_cancer_project_root\data\01_raw\RECURSIVE\https\data.wikipathways.org\current\gmt\sanitized_bde345fffef9.gmt,1,OK,data",D:\breast_cancer_project_root\data\01_raw\RECURSIVE\https\data.wikipathways.org\current\gmt\sanitized_dir_84a9284f447d
"D:\breast_cancer_project_root\data\01_raw\RECURSIVE\https\data.wikipathways.org\current\gmt\sanitized_cd135682a529.gmt,1,OK,data",D:\breast_cancer_project_root\data\01_raw\RECURSIVE\https\data.wikipathways.org\current\gmt\sanitized_dir_f2029866ebf7
"D:\breast_cancer_project_root\data\01_raw\RECURSIVE\https\data.wikipathways.org\current\gmt\sanitized_dfefbdbda5b1.gmt,1,OK,data",D:\breast_cancer_project_root\data\01_raw\RECURSIVE\https\data.wikipathways.org\current\gmt\sanitized_dir_8a61c7f3bf00
"D:\breast_cancer_project_root\data\01_raw\RECURSIVE\https\data.wikipathways.org\current\gmt\sanitized_e7c700c6fdf7.gmt,1,OK,data",D:\breast_cancer_project_root\data\01_raw\RECURSIVE\https\data.wikipathways.org\current\gmt\sanitized_dir_f0de25a59133
"D:\breast_cancer_project_root\data\01_raw\RECURSIVE\https\data.wikipathways.org\current\gmt\sanitized_ede0caa10e53.gmt,1,OK,data",D:\breast_cancer_project_root\data\01_raw\RECURSIVE\https\data.wikipathways.org\current\gmt\sanitized_dir_fd457ad94d69
"D:\breast_cancer_project_root\data\01_raw\RECURSIVE\https\data.wikipathways.org\current\gmt\sanitized_ff151c62b6ad.gmt,1,OK,data",D:\breast_cancer_project_root\data\01_raw\RECURSIVE\https\data.wikipathways.org\current\gmt\sanitized_dir_4a385c4d42c6
"D:\breast_cancer_project_root\data\01_raw\RECURSIVE\https\discover.nci.nih.gov\cellminer\sanitized_9e9171af0d51.do,1,OK,data",D:\breast_cancer_project_root\data\01_raw\RECURSIVE\https\discover.nci.nih.gov\cellminer\sanitized_dir_190b2455eac0
"D:\breast_cancer_project_root\data\01_raw\RECURSIVE\https\ftp.ncbi.nlm.nih.gov\geo\series\GSE157nnn\GSE157243\matrix\sanitized_8836f95175c4.gz,1,OK,data",D:\breast_cancer_project_root\data\01_raw\RECURSIVE\https\ftp.ncbi.nlm.nih.gov\geo\series\GSE157nnn\GSE157243\matrix\sanitized_dir_e6952325a92b
"D:\breast_cancer_project_root\data\01_raw\RECURSIVE\https\ftp.ncbi.nlm.nih.gov\geo\series\GSE182nnn\GSE182951\matrix\sanitized_75bcac9365e2.gz,1,OK,data",D:\breast_cancer_project_root\data\01_raw\RECURSIVE\https\ftp.ncbi.nlm.nih.gov\geo\series\GSE182nnn\GSE182951\matrix\sanitized_dir_d4ddb21e4857
"D:\breast_cancer_project_root\data\01_raw\RECURSIVE\https\ftp.ncbi.nlm.nih.gov\geo\series\GSE270nnn\GSE270497\matrix\sanitized_e58f4254c2c2.gz,5,MIRROR_SKIP,data",D:\breast_cancer_project_root\data\01_raw\RECURSIVE\https\ftp.ncbi.nlm.nih.gov\geo\series\GSE270nnn\GSE270497\matrix\sanitized_dir_e42f4df5d191
"D:\breast_cancer_project_root\data\01_raw\RECURSIVE\https\ftp.ncbi.nlm.nih.gov\geo\series\GSE270nnn\GSE270497\suppl\sanitized_7a6d7bab28fd.gz,4,MIRROR_SKIP,data",D:\breast_cancer_project_root\data\01_raw\RECURSIVE\https\ftp.ncbi.nlm.nih.gov\geo\series\GSE270nnn\GSE270497\suppl\sanitized_dir_85128d8070fb
"D:\breast_cancer_project_root\data\01_raw\RECURSIVE\https\ftp.ncbi.nlm.nih.gov\geo\series\GSE270nnn\GSE270497\suppl\sanitized_80d814a3769c.gz,3,MIRROR_SKIP,data",D:\breast_cancer_project_root\data\01_raw\RECURSIVE\https\ftp.ncbi.nlm.nih.gov\geo\series\GSE270nnn\GSE270497\suppl\sanitized_dir_c5494053fc27
"D:\breast_cancer_project_root\data\01_raw\RECURSIVE\https\ftp.ncbi.nlm.nih.gov\geo\series\GSE83nnn\GSE83669\matrix\sanitized_7ba96b1b80bc.gz,1,OK,data",D:\breast_cancer_project_root\data\01_raw\RECURSIVE\https\ftp.ncbi.nlm.nih.gov\geo\series\GSE83nnn\GSE83669\matrix\sanitized_dir_ac96c5abf81a
"D:\breast_cancer_project_root\data\01_raw\RECURSIVE\https\proteomic.datacommons.cancer.gov\pdc\sanitized_afee1c864a66.txt,1,OK,data",D:\breast_cancer_project_root\data\01_raw\RECURSIVE\https\proteomic.datacommons.cancer.gov\pdc\sanitized_dir_5f61945f3ae7
"D:\breast_cancer_project_root\data\01_raw\RECURSIVE\https\raw.githubusercontent.com\UFPBPK\Nano-Tumor-Database-Version2023\main\sanitized_9ab4747cef00.zip,1,OK,data",D:\breast_cancer_project_root\data\01_raw\RECURSIVE\https\raw.githubusercontent.com\UFPBPK\Nano-Tumor-Database-Version2023\main\sanitized_dir_1924bae6efa0
"D:\breast_cancer_project_root\data\01_raw\RECURSIVE\https\raw.githubusercontent.com\UFPBPK\Nano-Tumor-Database-Version2023\main\sanitized_d3a715903c80.xlsx,1,OK,data",D:\breast_cancer_project_root\data\01_raw\RECURSIVE\https\raw.githubusercontent.com\UFPBPK\Nano-Tumor-Database-Version2023\main\sanitized_dir_a70b4b77ed23
"D:\breast_cancer_project_root\data\01_raw\RECURSIVE\https\raw.githubusercontent.com\UFPBPK\Nano-Tumor-Database-Version2023\main\sanitized_f0b0e1c297e9.zip,1,OK,data",D:\breast_cancer_project_root\data\01_raw\RECURSIVE\https\raw.githubusercontent.com\UFPBPK\Nano-Tumor-Database-Version2023\main\sanitized_dir_18075dfb4133
"D:\breast_cancer_project_root\data\01_raw\RECURSIVE\https\reactome.org\download\current\sanitized_350fc36134bf.txt,1,OK,data",D:\breast_cancer_project_root\data\01_raw\RECURSIVE\https\reactome.org\download\current\sanitized_dir_4ca80959c0f2
"D:\breast_cancer_project_root\data\01_raw\RECURSIVE\https\reactome.org\download\current\sanitized_5c716045f6c3.zip,1,OK,data",D:\breast_cancer_project_root\data\01_raw\RECURSIVE\https\reactome.org\download\current\sanitized_dir_6c430990d819
"D:\breast_cancer_project_root\data\01_raw\RECURSIVE\https\reactome.org\download\current\sanitized_6109e4416e7d.txt,1,OK,data",D:\breast_cancer_project_root\data\01_raw\RECURSIVE\https\reactome.org\download\current\sanitized_dir_d816b94ad23c
"D:\breast_cancer_project_root\data\01_raw\RECURSIVE\https\www.accessdata.fda.gov\drugsatfda_docs\label\2020\sanitized_d7693d3fc857.pdf,1,OK,data",D:\breast_cancer_project_root\data\01_raw\RECURSIVE\https\www.accessdata.fda.gov\drugsatfda_docs\label\2020\sanitized_dir_1bc06270b096
"D:\breast_cancer_project_root\data\01_raw\RECURSIVE\https\www.ebi.ac.uk\bioimage-archive\sanitized_6d831fbaee6d.txt,2,MIRROR_SKIP,data",D:\breast_cancer_project_root\data\01_raw\RECURSIVE\https\www.ebi.ac.uk\bioimage-archive\sanitized_dir_8dd78e1befb0
"D:\breast_cancer_project_root\data\01_raw\RECURSIVE\https\www.ebi.ac.uk\biostudies\sanitized_12531cba3e0a.master,1,OK,data",D:\breast_cancer_project_root\data\01_raw\RECURSIVE\https\www.ebi.ac.uk\biostudies\sanitized_dir_eb267999cb6b
"D:\breast_cancer_project_root\data\01_raw\RECURSIVE\https\www.ebi.ac.uk\chembl\sanitized_c0b528d47c00.txt,3,MIRROR_SKIP,data",D:\breast_cancer_project_root\data\01_raw\RECURSIVE\https\www.ebi.ac.uk\chembl\sanitized_dir_5289fd1a65b9
"D:\breast_cancer_project_root\data\01_raw\RECURSIVE\https\www.ebi.ac.uk\pride\archive\projects\sanitized_121fbb9618ce.txt,2,MIRROR_SKIP,data",D:\breast_cancer_project_root\data\01_raw\RECURSIVE\https\www.ebi.ac.uk\pride\archive\projects\sanitized_dir_941bd038fab7
"D:\breast_cancer_project_root\data\01_raw\RECURSIVE\https\www.ebi.ac.uk\pride\archive\projects\sanitized_1c4a52344643.txt,5,MIRROR_SKIP,data",D:\breast_cancer_project_root\data\01_raw\RECURSIVE\https\www.ebi.ac.uk\pride\archive\projects\sanitized_dir_043731ec6d4b
"D:\breast_cancer_project_root\data\01_raw\RECURSIVE\https\www.ebi.ac.uk\pride\archive\projects\sanitized_418c3707aede.txt,3,MIRROR_SKIP,data",D:\breast_cancer_project_root\data\01_raw\RECURSIVE\https\www.ebi.ac.uk\pride\archive\projects\sanitized_dir_cbfb44eadef9
"D:\breast_cancer_project_root\data\01_raw\RECURSIVE\https\www.ebi.ac.uk\pride\archive\projects\sanitized_5df25cee28f3.txt,1,OK,data",D:\breast_cancer_project_root\data\01_raw\RECURSIVE\https\www.ebi.ac.uk\pride\archive\projects\sanitized_dir_07ec1e478f0f
"D:\breast_cancer_project_root\data\01_raw\RECURSIVE\https\www.ebi.ac.uk\pride\archive\projects\sanitized_e1c6a2d60c32.master,6,MIRROR_SKIP,data",D:\breast_cancer_project_root\data\01_raw\RECURSIVE\https\www.ebi.ac.uk\pride\archive\projects\sanitized_dir_678c4fd400f4
"D:\breast_cancer_project_root\data\01_raw\RECURSIVE\https\www.ebi.ac.uk\pride\archive\projects\sanitized_fddcfe312608.txt,1,OK,data",D:\breast_cancer_project_root\data\01_raw\RECURSIVE\https\www.ebi.ac.uk\pride\archive\projects\sanitized_dir_52a3242766ba
"D:\breast_cancer_project_root\data\01_raw\RECURSIVE\https\www.ebi.ac.uk\pride\archive\projects\sanitized_2def0d0bb912\01_raw\BRCA\proteomecentral.proteomexchange.org\cgi\sanitized_0b44c1fafd48.csv,already","D:\breast_cancer_project_root\data\01_raw\RECURSIVE\https\www.ebi.ac.uk\pride\archive\projects\sanitized_2def0d0bb912\01_raw\BRCA\proteomecentral.proteomexchange.org\cgi\sanitized_file_4d01be92fc23.csv,already"
"D:\breast_cancer_project_root\data\01_raw\RECURSIVE\https\www.ebi.ac.uk\pride\archive\projects\sanitized_c9f12cd9c8a9\01_raw\BRCA\proteomecentral.proteomexchange.org\cgi\sanitized_0b44c1fafd48.csv,already","D:\breast_cancer_project_root\data\01_raw\RECURSIVE\https\www.ebi.ac.uk\pride\archive\projects\sanitized_c9f12cd9c8a9\01_raw\BRCA\proteomecentral.proteomexchange.org\cgi\sanitized_file_4d01be92fc23.csv,already"
"D:\breast_cancer_project_root\data\01_raw\RECURSIVE\https\www.ebi.ac.uk\pride\archive\projects\sanitized_e11439461f51\01_raw\BRCA\proteomecentral.proteomexchange.org\cgi\sanitized_0b44c1fafd48.csv,already","D:\breast_cancer_project_root\data\01_raw\RECURSIVE\https\www.ebi.ac.uk\pride\archive\projects\sanitized_e11439461f51\01_raw\BRCA\proteomecentral.proteomexchange.org\cgi\sanitized_file_4d01be92fc23.csv,already"
"D:\breast_cancer_project_root\data\01_raw\RECURSIVE\https\www.ebi.ac.uk\pride\archive\projects\sanitized_dir_678c4fd400f4\01_raw\BRCA\proteomecentral.proteomexchange.org\cgi\sanitized_0b44c1fafd48.csv,already","D:\breast_cancer_project_root\data\01_raw\RECURSIVE\https\www.ebi.ac.uk\pride\archive\projects\sanitized_dir_678c4fd400f4\01_raw\BRCA\proteomecentral.proteomexchange.org\cgi\sanitized_file_4d01be92fc23.csv,already"
"D:\breast_cancer_project_root\data\01_raw\RECURSIVE\https\www.metabolomicsworkbench.org\tools\sanitized_fa74f4ea502c.php,1,OK,data",D:\breast_cancer_project_root\data\01_raw\RECURSIVE\https\www.metabolomicsworkbench.org\tools\sanitized_dir_2a169e5f3b0e
"D:\breast_cancer_project_root\data\01_raw\RECURSIVE\https\www.proteinatlas.org\download\sanitized_4f09317f7e85.zip,1,OK,data",D:\breast_cancer_project_root\data\01_raw\RECURSIVE\https\www.proteinatlas.org\download\sanitized_dir_391cab899d4a
"D:\breast_cancer_project_root\data\01_raw\RECURSIVE\https\www.proteomexchange.org\sanitized_23a6f9b7fa08.master,1,OK,data",D:\breast_cancer_project_root\data\01_raw\RECURSIVE\https\www.proteomexchange.org\sanitized_dir_61f0b2288085
D:\breast_cancer_project_root\data\02_interim\structured_annotated_v2\hits_parts\00333__al-sukhun-et-al-2024-systemic-treatment-of-patients-with-metastatic-breast-cancer-asco-resource-stratified-guideline-q__mentions.parquet.hits.csv,D:\breast_cancer_project_root\data\02_interim\structured_annotated_v2\hits_parts\sanitized_file_1a7c9696540b.csv
D:\breast_cancer_project_root\data\02_interim\structured_annotated_v2\hits_parts\00334__al-sukhun-et-al-2024-systemic-treatment-of-patients-with-metastatic-breast-cancer-asco-resource-stratified-guideline-q__relations.parquet.hits.csv,D:\breast_cancer_project_root\data\02_interim\structured_annotated_v2\hits_parts\sanitized_file_654796af216d.csv
D:\breast_cancer_project_root\data\02_interim\structured_annotated_v2\hits_parts\00336__al-sukhun-et-al-2024-systemic-treatment-of-patients-with-metastatic-breast-cancer-asco-resource-stratified-guideline__relations.parquet.hits.csv,D:\breast_cancer_project_root\data\02_interim\structured_annotated_v2\hits_parts\sanitized_file_b26790882088.csv
D:\breast_cancer_project_root\data\02_interim\structured_annotated_v2\hits_parts\00339__andre-et-al-2019-use-of-biomarkers-to-guide-decisions-on-adjuvant-systemic-therapy-for-women-with-early-stage-invasive__mentions.parquet.hits.csv,D:\breast_cancer_project_root\data\02_interim\structured_annotated_v2\hits_parts\sanitized_file_ef4dfa83b5b4.csv
D:\breast_cancer_project_root\data\02_interim\structured_annotated_v2\hits_parts\00340__andre-et-al-2019-use-of-biomarkers-to-guide-decisions-on-adjuvant-systemic-therapy-for-women-with-early-stage-invasive__relations.parquet.hits.csv,D:\breast_cancer_project_root\data\02_interim\structured_annotated_v2\hits_parts\sanitized_file_57223aa36944.csv
D:\breast_cancer_project_root\data\02_interim\structured_annotated_v2\hits_parts\00341__andre-et-al-2022-biomarkers-for-adjuvant-endocrine-and-chemotherapy-in-early-stage-breast-cancer-asco-guideline-update__mentions.parquet.hits.csv,D:\breast_cancer_project_root\data\02_interim\structured_annotated_v2\hits_parts\sanitized_file_ce65d9bd0dda.csv
D:\breast_cancer_project_root\data\02_interim\structured_annotated_v2\hits_parts\00342__andre-et-al-2022-biomarkers-for-adjuvant-endocrine-and-chemotherapy-in-early-stage-breast-cancer-asco-guideline-update__relations.parquet.hits.csv,D:\breast_cancer_project_root\data\02_interim\structured_annotated_v2\hits_parts\sanitized_file_c93e635480bc.csv
D:\breast_cancer_project_root\data\02_interim\structured_annotated_v2\hits_parts\00350__burstein-et-al-2023-testing-for-esr1-mutations-to-guide-therapy-for-hormone-receptor-positive-human-epidermal-growth__relations.parquet.hits.csv,D:\breast_cancer_project_root\data\02_interim\structured_annotated_v2\hits_parts\sanitized_file_a3b132b4ea14.csv
D:\breast_cancer_project_root\data\02_interim\structured_annotated_v2\hits_parts\00351__burstein-et-al-2024-endocrine-and-targeted-therapy-for-hormone-receptor-positive-human-epidermal-growth-factor-receptor__mentions.parquet.hits.csv,D:\breast_cancer_project_root\data\02_interim\structured_annotated_v2\hits_parts\sanitized_file_7d58185fd609.csv
D:\breast_cancer_project_root\data\02_interim\structured_annotated_v2\hits_parts\00352__burstein-et-al-2024-endocrine-and-targeted-therapy-for-hormone-receptor-positive-human-epidermal-growth-factor-receptor__relations.parquet.hits.csv,D:\breast_cancer_project_root\data\02_interim\structured_annotated_v2\hits_parts\sanitized_file_1b839cb6657f.csv
D:\breast_cancer_project_root\data\02_interim\structured_annotated_v2\hits_parts\00371__freedman-et-al-2022-adjuvant-abemaciclib-plus-endocrine-therapy-in-the-treatment-of-high-risk-early-breast-cancer-asco__mentions.parquet.hits.csv,D:\breast_cancer_project_root\data\02_interim\structured_annotated_v2\hits_parts\sanitized_file_cfca8c2a185b.csv
D:\breast_cancer_project_root\data\02_interim\structured_annotated_v2\hits_parts\00372__freedman-et-al-2022-adjuvant-abemaciclib-plus-endocrine-therapy-in-the-treatment-of-high-risk-early-breast-cancer-asco__relations.parquet.hits.csv,D:\breast_cancer_project_root\data\02_interim\structured_annotated_v2\hits_parts\sanitized_file_2473b0caa0bc.csv
D:\breast_cancer_project_root\data\02_interim\structured_annotated_v2\hits_parts\00373__giordano-et-al-2021-abemaciclib-with-endocrine-therapy-in-the-treatment-of-high-risk-early-breast-cancer-asco-optimal__mentions.parquet.hits.csv,D:\breast_cancer_project_root\data\02_interim\structured_annotated_v2\hits_parts\sanitized_file_bbdf34eca002.csv
D:\breast_cancer_project_root\data\02_interim\structured_annotated_v2\hits_parts\00374__giordano-et-al-2021-abemaciclib-with-endocrine-therapy-in-the-treatment-of-high-risk-early-breast-cancer-asco-optimal__relations.parquet.hits.csv,D:\breast_cancer_project_root\data\02_interim\structured_annotated_v2\hits_parts\sanitized_file_05ce57a3ec01.csv
D:\breast_cancer_project_root\data\02_interim\structured_annotated_v2\hits_parts\00375__giordano-et-al-2022-systemic-therapy-for-advanced-human-epidermal-growth-factor-receptor-2-positive-breast-cancer-asco__mentions.parquet.hits.csv,D:\breast_cancer_project_root\data\02_interim\structured_annotated_v2\hits_parts\sanitized_file_4e5a6f3ef929.csv
D:\breast_cancer_project_root\data\02_interim\structured_annotated_v2\hits_parts\00376__giordano-et-al-2022-systemic-therapy-for-advanced-human-epidermal-growth-factor-receptor-2-positive-breast-cancer-asco__relations.parquet.hits.csv,D:\breast_cancer_project_root\data\02_interim\structured_annotated_v2\hits_parts\sanitized_file_50afb5d119c7.csv
D:\breast_cancer_project_root\data\02_interim\structured_annotated_v2\hits_parts\00383__kurian-et-al-2024-germline-testing-in-patients-with-breast-cancer-asco-society-of-surgical-oncology-guideline-q-and-a__mentions.parquet.hits.csv,D:\breast_cancer_project_root\data\02_interim\structured_annotated_v2\hits_parts\sanitized_file_229204f83a20.csv
D:\breast_cancer_project_root\data\02_interim\structured_annotated_v2\hits_parts\00384__kurian-et-al-2024-germline-testing-in-patients-with-breast-cancer-asco-society-of-surgical-oncology-guideline-q-and-a__relations.parquet.hits.csv,D:\breast_cancer_project_root\data\02_interim\structured_annotated_v2\hits_parts\sanitized_file_e06ea022be1c.csv
